{
 "convention": "index0=photon(w_c on corner); index1..M=emitters(w_i diag); g_i on the arrow; eigh ascending; photon_frac=|v[0]|^2.",
 "cases": [
  {
   "label": "identical_resonant_M4",
   "wc": 1.0,
   "w": [
    1.0,
    1.0,
    1.0,
    1.0
   ],
   "g": [
    0.1,
    0.1,
    0.1,
    0.1
   ],
   "eigs": [
    0.8000000000000004,
    0.9999999999999992,
    0.9999999999999999,
    1.0,
    1.2000000000000004
   ],
   "photon_frac": [
    0.500000000000001,
    6.814710159845312e-31,
    1.6147186379760906e-30,
    6.492470658926462e-30,
    0.49999999999999895
   ]
  },
  {
   "label": "detuned_identical_M4",
   "wc": 1.0,
   "w": [
    0.9,
    0.9,
    0.9,
    0.9
   ],
   "g": [
    0.1,
    0.1,
    0.1,
    0.1
   ],
   "eigs": [
    0.7438447187191173,
    0.8999999999999994,
    0.9,
    0.9000000000000005,
    1.156155281280883
   ],
   "photon_frac": [
    0.37873218748183374,
    2.3011589526993386e-32,
    3.952919343887721e-32,
    1.8588311272196524e-30,
    0.6212678125181659
   ]
  },
  {
   "label": "disordered_M8",
   "wc": 1.0,
   "w": [
    1.0152358539877215,
    0.9480007946879753,
    1.0375225597903228,
    1.0470282358195606,
    0.9024482405673082,
    0.9348910246568841,
    1.0063920201583643,
    0.9841878703828209
   ],
   "g": [
    0.08,
    0.08,
    0.08,
    0.08,
    0.08,
    0.08,
    0.08,
    0.08
   ],
   "eigs": [
    0.759762717979092,
    0.9118257898774729,
    0.9406844751923069,
    0.9640478533621288,
    0.9931997259806087,
    1.010899634352089,
    1.0287059830785577,
    1.043343333900674,
    1.2232370863280289
   ],
   "photon_frac": [
    0.45568381860426643,
    0.010639391391011652,
    0.0030970876328819483,
    0.016956689413888063,
    0.007091338107973241,
    0.0014651383538662928,
    0.00641579973926104,
    0.0014761996846515942,
    0.4971745370721995
   ]
  },
  {
   "label": "disordered_M24",
   "wc": 1.0,
   "w": [
    1.0000984122685985,
    1.0238996430006775,
    0.9780689715710226,
    0.9287526528994181,
    0.9636263371862622,
    0.920668275600283,
    1.004811488207795,
    1.1072172196443626,
    0.9606234785158936,
    0.9503620080144047,
    1.039187364014816,
    1.028550960652805,
    1.0084331399198319,
    0.9255625564233436,
    0.9976598542029381,
    1.055624255556663,
    0.8924628362171935,
    0.9633907391167825,
    0.8479021808159325,
    0.8968369808172019,
    0.8526611969766614,
    0.9811927095140255,
    0.8986042814845038,
    1.0217011487057361
   ],
   "g": [
    0.06,
    0.06,
    0.06,
    0.06,
    0.06,
    0.06,
    0.06,
    0.06,
    0.06,
    0.06,
    0.06,
    0.06,
    0.06,
    0.06,
    0.06,
    0.06,
    0.06,
    0.06,
    0.06,
    0.06,
    0.06,
    0.06,
    0.06,
    0.06
   ],
   "eigs": [
    0.6818080863729123,
    0.849811602374041,
    0.8603352664498854,
    0.8938378424331832,
    0.897712753436258,
    0.9066125344773635,
    0.92244646090312,
    0.9271880193828067,
    0.9376199224055268,
    0.9531385049764236,
    0.9615579372267783,
    0.9635103744340476,
    0.9720023379636059,
    0.9796777636869644,
    0.9891234318215735,
    0.9987721070330292,
    1.0027012874632113,
    1.007011930221078,
    1.0167291715011173,
    1.0228597206472774,
    1.0271086780336351,
    1.0369528331950721,
    1.0527831292656888,
    1.1014583609833029,
    1.2851386346392593
   ],
   "photon_frac": [
    0.4452679163224205,
    0.0006936557683851616,
    0.009996721818513458,
    0.0004022854191870513,
    0.00010660472746928563,
    0.006244166551544326,
    0.0006114510091225245,
    0.0003385702095948934,
    0.007105837827415168,
    0.0015701686239247819,
    0.00016360852940385632,
    1.9240261072039686e-06,
    0.003272016551462122,
    0.00032842334596822043,
    0.004453681527708716,
    0.00019424141526852202,
    0.0006080734268371493,
    0.00036971145636143616,
    0.0027398475522618097,
    0.00016152658889712838,
    0.00044073455143162863,
    0.0011907804425819654,
    0.0020324320885878673,
    0.008515004204686918,
    0.5031906160148579
   ]
  }
 ],
 "checks": {
  "identical_resonant_M4_full_splitting": 0.4,
  "identical_resonant_M4_dark_energy": 1.0,
  "identical_resonant_M4_n_dark": 3
 }
}